HCMYK,NCMYK,HLAB,NLAB,HHSV,NHSV,HLUM,NLUM,HTEMP,NTEMP,HRYB,NRYB,HXYZ,NXYZ
"(34, 23, 0, 74)","(20, 8, 0, 19)","53.59529,0.34858,-8.00386","86.18647,-2.37249,-5.49237","221,34.38,25.1","206,20.39,80.78",19.05678431372549,72.23419607843135,20443,10049,"42,47,64","164,179,206","2,3,5","44,48,65"
"(51, 19, 0, 87)","(30, 11, 0, 15)","42.57386,-3.44037,-5.76025","86.03223,-4.42959,-7.91357","202,51.61,12.16","203,30.23,84.31",9.140078431372547,71.88274509803921,40000,15684,"15,21,31","150,174,215","0,0,1","43,48,71"
